<DATE>	<TIME>	<OPEN>	<HIGH>	<LOW>	<CLOSE>	<TICKVOL>	<VOL>	<SPREAD>
2023.04.02	22:00:00	1966.275	1967.407	1960.126	1962.524	4804	0	200
2023.04.02	23:00:00	1962.493	1962.650	1956.964	1957.027	4266	0	200
2023.04.03	00:00:00	1957.063	1964.089	1956.739	1962.376	5904	0	200
2023.04.03	01:00:00	1962.372	1964.465	1958.408	1960.229	5791	0	200
2023.04.03	02:00:00	1960.223	1960.315	1952.209	1952.521	4619	0	200
2023.04.03	03:00:00	1952.489	1953.714	1949.542	1951.794	4151	0	200
2023.04.03	04:00:00	1951.801	1952.674	1950.456	1952.541	2949	0	200
2023.04.03	05:00:00	1952.575	1954.071	1951.446	1953.696	3810	0	200
2023.04.03	06:00:00	1953.664	1957.112	1950.821	1954.703	4717	0	200
2023.04.03	07:00:00	1954.699	1961.934	1953.236	1961.794	4180	0	200
2023.04.03	08:00:00	1961.785	1966.379	1961.181	1965.759	4110	0	200
2023.04.03	09:00:00	1965.792	1966.986	1963.078	1966.077	3528	0	200
2023.04.03	10:00:00	1966.058	1972.445	1965.987	1972.432	4349	0	200
2023.04.03	11:00:00	1972.440	1978.705	1971.175	1978.632	5305	0	200
2023.04.03	12:00:00	1978.600	1979.906	1975.670	1978.979	6817	0	200
2023.04.03	13:00:00	1979.017	1980.769	1972.343	1975.981	8448	0	200
2023.04.03	14:00:00	1976.081	1989.817	1976.081	1985.986	13323	0	200
2023.04.03	15:00:00	1986.020	1990.476	1983.864	1987.944	6755	0	200
2023.04.03	16:00:00	1987.942	1990.440	1986.808	1986.991	5092	0	200
2023.04.03	17:00:00	1986.988	1986.988	1981.862	1985.032	5568	0	200
2023.04.03	18:00:00	1985.020	1985.253	1982.168	1982.379	4241	0	200
2023.04.03	19:00:00	1982.412	1986.037	1982.234	1985.109	3767	0	200
2023.04.03	20:00:00	1985.074	1985.909	1983.571	1984.230	1654	0	200
2023.04.03	22:00:00	1984.204	1985.463	1983.683	1983.941	1268	0	200
2023.04.03	23:00:00	1983.930	1985.475	1983.558	1984.935	1531	0	200
2023.04.04	00:00:00	1984.929	1985.267	1982.168	1982.873	3214	0	200
2023.04.04	01:00:00	1982.904	1983.555	1977.836	1978.217	3991	0	200
2023.04.04	02:00:00	1978.234	1981.388	1978.055	1980.808	3238	0	200
2023.04.04	03:00:00	1980.795	1980.826	1977.777	1978.088	2436	0	200
2023.04.04	04:00:00	1978.080	1980.709	1977.861	1979.744	2987	0	200
2023.04.04	05:00:00	1979.713	1980.985	1978.115	1978.818	3162	0	200
2023.04.04	06:00:00	1978.852	1982.336	1976.821	1981.561	4288	0	200
2023.04.04	07:00:00	1981.520	1983.754	1978.751	1982.139	4543	0	200
2023.04.04	08:00:00	1982.134	1984.180	1980.236	1980.650	4382	0	200
2023.04.04	09:00:00	1980.627	1983.769	1980.170	1982.937	3684	0	200
2023.04.04	10:00:00	1982.908	1984.281	1981.302	1982.113	3563	0	200
2023.04.04	11:00:00	1982.081	1982.455	1978.473	1981.953	3924	0	200
2023.04.04	12:00:00	1981.987	1985.627	1981.440	1983.604	6337	0	200
2023.04.04	13:00:00	1983.594	1993.193	1983.372	1992.535	8933	0	200
2023.04.04	14:00:00	1992.438	2024.952	1992.393	2016.082	26039	0	200
2023.04.04	15:00:00	2016.112	2023.137	2015.569	2020.205	11267	0	200
2023.04.04	16:00:00	2020.174	2024.982	2019.597	2020.697	7728	0	200
2023.04.04	17:00:00	2020.707	2020.892	2017.828	2018.324	5349	0	200
2023.04.04	18:00:00	2018.291	2021.543	2017.851	2021.253	4058	0	200
2023.04.04	19:00:00	2021.287	2022.433	2020.295	2021.832	4084	0	200
2023.04.04	20:00:00	2021.800	2022.024	2020.098	2020.352	1926	0	200
2023.04.04	22:00:00	2021.050	2021.558	2019.708	2020.555	2420	0	200
2023.04.04	23:00:00	2020.572	2023.587	2020.566	2021.734	2521	0	200
2023.04.05	00:00:00	2021.748	2022.433	2019.342	2019.490	3409	0	200
2023.04.05	01:00:00	2019.521	2021.869	2019.521	2020.507	3082	0	200
2023.04.05	02:00:00	2020.468	2025.234	2020.144	2023.939	3691	0	200
2023.04.05	03:00:00	2023.943	2024.042	2021.906	2023.003	2844	0	200
2023.04.05	04:00:00	2022.993	2023.664	2022.077	2023.333	2870	0	200
2023.04.05	05:00:00	2023.331	2024.782	2022.785	2024.226	2545	0	200
2023.04.05	06:00:00	2024.287	2026.285	2022.949	2024.388	4793	0	200
2023.04.05	07:00:00	2024.354	2028.364	2022.856	2025.362	4905	0	200
2023.04.05	08:00:00	2025.331	2028.122	2023.267	2023.973	4228	0	200
2023.04.05	09:00:00	2023.998	2025.141	2021.773	2024.502	3936	0	200
2023.04.05	10:00:00	2024.504	2025.112	2021.749	2022.253	3228	0	200
2023.04.05	11:00:00	2022.286	2024.465	2021.468	2022.892	3862	0	200
2023.04.05	12:00:00	2022.928	2031.968	2022.098	2031.466	9187	0	200
2023.04.05	13:00:00	2031.464	2032.046	2020.998	2022.620	11843	0	200
2023.04.05	14:00:00	2022.654	2031.192	2009.919	2018.765	18963	0	200
2023.04.05	15:00:00	2018.795	2022.929	2015.902	2021.692	10204	0	200
2023.04.05	16:00:00	2021.674	2023.895	2019.618	2021.319	6271	0	200
2023.04.05	17:00:00	2021.285	2021.984	2019.064	2020.980	4717	0	200
2023.04.05	18:00:00	2021.011	2023.297	2020.625	2023.083	3472	0	200
2023.04.05	19:00:00	2023.117	2023.260	2020.587	2021.005	3937	0	200
2023.04.05	20:00:00	2021.043	2021.642	2020.105	2020.444	1664	0	200
2023.04.05	22:00:00	2020.709	2021.385	2018.686	2020.366	1331	0	200
2023.04.05	23:00:00	2020.364	2021.040	2020.103	2020.287	1567	0	200
2023.04.06	00:00:00	2020.269	2020.436	2016.995	2017.028	3169	0	200
2023.04.06	01:00:00	2017.029	2017.062	2012.514	2012.636	5314	0	200
2023.04.06	02:00:00	2012.641	2013.229	2007.666	2010.935	4447	0	200
2023.04.06	03:00:00	2010.942	2012.192	2010.080	2011.302	2830	0	200
2023.04.06	04:00:00	2011.296	2013.854	2010.468	2013.592	2398	0	200
2023.04.06	05:00:00	2013.567	2015.988	2011.946	2015.663	3495	0	200
2023.04.06	06:00:00	2015.670	2016.868	2011.790	2013.705	4551	0	200
2023.04.06	07:00:00	2013.673	2018.078	2012.646	2016.346	4860	0	200
2023.04.06	08:00:00	2016.342	2019.624	2014.795	2017.337	4263	0	200
2023.04.06	09:00:00	2017.352	2020.388	2017.112	2019.564	3669	0	200
2023.04.06	10:00:00	2019.553	2020.773	2017.547	2020.278	3449	0	200
2023.04.06	11:00:00	2020.267	2020.907	2017.062	2018.474	3806	0	200
2023.04.06	12:00:00	2018.437	2020.681	2011.189	2012.900	8549	0	200
2023.04.06	13:00:00	2012.866	2014.167	2000.810	2003.532	11196	0	200
2023.04.06	14:00:00	2003.600	2012.049	2001.308	2011.811	8683	0	200
2023.04.06	15:00:00	2011.801	2012.975	2009.070	2011.174	5586	0	200
2023.04.06	16:00:00	2011.138	2014.900	2010.714	2011.654	4557	0	200
2023.04.06	17:00:00	2011.666	2012.468	2008.686	2009.946	3927	0	200
2023.04.06	18:00:00	2009.924	2011.512	2008.181	2009.176	3631	0	200
2023.04.06	19:00:00	2009.195	2009.394	2006.197	2006.417	3236	0	200
2023.04.06	20:00:00	2006.450	2008.116	2005.752	2007.761	2001	0	200
2023.04.09	22:00:00	1997.006	2006.495	1995.817	2005.483	3386	0	200
2023.04.09	23:00:00	2005.514	2005.988	2004.763	2005.497	2337	0	200
2023.04.10	00:00:00	2005.529	2005.860	1997.628	1998.234	3989	0	200
2023.04.10	01:00:00	1998.238	2000.655	1995.336	1997.032	4467	0	200
2023.04.10	02:00:00	1997.064	1997.251	1988.663	1991.080	4522	0	200
2023.04.10	03:00:00	1991.088	1992.879	1990.315	1990.856	2609	0	200
2023.04.10	04:00:00	1990.886	1993.697	1989.475	1992.115	2501	0	200
2023.04.10	05:00:00	1992.082	1995.117	1991.342	1994.480	3031	0	200
2023.04.10	06:00:00	1994.482	1996.299	1991.671	1995.822	3510	0	200
2023.04.10	07:00:00	1995.789	1997.570	1994.957	1997.433	3584	0	200
2023.04.10	08:00:00	1997.403	1999.282	1995.905	1997.300	3064	0	200
2023.04.10	09:00:00	1997.274	2001.861	1996.947	2000.629	2851	0	200
2023.04.10	10:00:00	2000.596	2002.760	1999.850	2001.882	3177	0	200
2023.04.10	11:00:00	2001.851	2002.935	1999.989	2001.556	3883	0	200
2023.04.10	12:00:00	2001.526	2001.961	1989.085	1989.469	8364	0	200
2023.04.10	13:00:00	1989.439	1994.356	1985.979	1988.090	13128	0	200
2023.04.10	14:00:00	1988.129	1992.010	1981.436	1987.504	9360	0	200
2023.04.10	15:00:00	1987.534	1990.049	1987.163	1988.632	5511	0	200
2023.04.10	16:00:00	1988.629	1990.903	1987.112	1989.730	4423	0	200
2023.04.10	17:00:00	1989.700	1991.096	1987.989	1988.975	4484	0	200
2023.04.10	18:00:00	1988.954	1990.813	1987.588	1990.383	3377	0	200
2023.04.10	19:00:00	1990.366	1992.794	1990.213	1991.527	3121	0	200
2023.04.10	20:00:00	1991.558	1991.694	1990.771	1991.288	1140	0	200
2023.04.10	22:00:00	1991.293	1991.543	1990.342	1991.368	1137	0	200
2023.04.10	23:00:00	1991.354	1992.486	1991.012	1992.389	1355	0	200
2023.04.11	00:00:00	1992.356	1995.382	1992.309	1993.166	3378	0	200
2023.04.11	01:00:00	1993.149	1993.388	1988.773	1991.155	3725	0	200
2023.04.11	02:00:00	1991.125	1997.948	1991.040	1997.736	4357	0	200
2023.04.11	03:00:00	1997.703	1998.128	1996.420	1997.518	2629	0	200
2023.04.11	04:00:00	1997.509	2000.008	1997.339	1999.733	2695	0	200
2023.04.11	05:00:00	1999.737	2001.532	1998.674	1999.031	3233	0	200
2023.04.11	06:00:00	1998.999	2001.831	1998.319	1999.193	4570	0	200
2023.04.11	07:00:00	1999.159	2003.621	1997.754	2002.035	4397	0	200
2023.04.11	08:00:00	2002.003	2007.410	2001.226	2004.554	4275	0	200
2023.04.11	09:00:00	2004.523	2005.387	2002.486	2004.493	3432	0	200
2023.04.11	10:00:00	2004.495	2004.928	2001.375	2004.376	3755	0	200
2023.04.11	11:00:00	2004.345	2004.345	1999.345	2000.429	3903	0	200
2023.04.11	12:00:00	2000.418	2002.526	1998.165	1998.531	5028	0	200
2023.04.11	13:00:00	1998.563	2002.432	1995.551	2001.408	6883	0	200
2023.04.11	14:00:00	2001.378	2004.647	1999.692	2002.438	6228	0	200
2023.04.11	15:00:00	2002.443	2006.195	2001.580	2004.132	4956	0	200
2023.04.11	16:00:00	2004.113	2006.560	2003.900	2006.181	4271	0	200
2023.04.11	17:00:00	2006.161	2006.379	2000.953	2005.548	3777	0	200
2023.04.11	18:00:00	2005.580	2005.841	2003.933	2004.475	2811	0	200
2023.04.11	19:00:00	2004.450	2006.714	2003.428	2004.051	2955	0	200
2023.04.11	20:00:00	2004.082	2004.602	2002.832	2003.530	1365	0	200
2023.04.11	22:00:00	2003.221	2004.289	2002.995	2003.827	995	0	200
2023.04.11	23:00:00	2003.830	2005.020	2003.417	2004.659	1171	0	200
2023.04.12	00:00:00	2004.675	2005.460	2003.961	2005.429	2483	0	200
2023.04.12	01:00:00	2005.418	2014.814	2003.922	2014.494	4854	0	200
2023.04.12	02:00:00	2014.501	2019.170	2013.756	2014.901	4916	0	200
2023.04.12	03:00:00	2014.914	2018.258	2014.131	2017.213	3433	0	200
2023.04.12	04:00:00	2017.250	2021.072	2017.068	2020.341	2585	0	200
2023.04.12	05:00:00	2020.367	2020.746	2017.574	2018.223	3416	0	200
2023.04.12	06:00:00	2018.190	2018.753	2013.501	2015.616	4656	0	200
2023.04.12	07:00:00	2015.619	2016.552	2011.612	2012.953	4323	0	200
2023.04.12	08:00:00	2012.983	2013.681	2008.946	2009.034	4287	0	200
2023.04.12	09:00:00	2009.030	2011.527	2008.564	2010.832	3814	0	200
2023.04.12	10:00:00	2010.801	2011.503	2007.254	2008.813	3446	0	200
2023.04.12	11:00:00	2008.845	2010.244	2007.284	2007.697	3585	0	200
2023.04.12	12:00:00	2007.663	2028.184	2006.221	2022.212	14801	0	200
2023.04.12	13:00:00	2022.246	2023.796	2000.987	2007.764	17896	0	200
2023.04.12	14:00:00	2007.795	2013.086	2003.068	2006.917	11491	0	200
2023.04.12	15:00:00	2006.949	2009.433	2005.607	2005.779	6436	0	200
2023.04.12	16:00:00	2005.748	2009.335	2005.209	2007.834	5164	0	200
2023.04.12	17:00:00	2007.830	2012.566	2006.448	2011.477	5334	0	200
2023.04.12	18:00:00	2011.480	2016.911	2011.311	2015.759	6137	0	200
2023.04.12	19:00:00	2015.790	2018.065	2013.100	2013.651	4712	0	200
2023.04.12	20:00:00	2013.620	2015.065	2013.232	2014.814	1783	0	200
2023.04.12	22:00:00	2014.430	2015.130	2014.013	2015.115	1045	0	200
2023.04.12	23:00:00	2015.083	2018.453	2015.071	2018.149	2013	0	200
2023.04.13	00:00:00	2018.118	2019.731	2016.526	2017.852	3672	0	200
2023.04.13	01:00:00	2017.855	2019.173	2015.814	2017.843	4517	0	200
2023.04.13	02:00:00	2017.812	2019.287	2016.282	2017.818	3806	0	200
2023.04.13	03:00:00	2017.815	2017.867	2015.676	2017.423	2807	0	200
2023.04.13	04:00:00	2017.415	2019.263	2017.370	2018.444	2338	0	200
2023.04.13	05:00:00	2018.459	2019.122	2015.322	2015.364	3456	0	200
2023.04.13	06:00:00	2015.333	2023.115	2015.276	2020.397	4796	0	200
2023.04.13	07:00:00	2020.429	2025.619	2020.429	2024.477	4207	0	200
2023.04.13	08:00:00	2024.500	2029.098	2024.415	2026.566	4644	0	200
2023.04.13	09:00:00	2026.554	2028.580	2025.725	2026.532	3483	0	200
2023.04.13	10:00:00	2026.563	2027.921	2024.954	2026.636	3385	0	200
2023.04.13	11:00:00	2026.628	2028.615	2025.400	2028.573	3565	0	200
2023.04.13	12:00:00	2028.565	2045.746	2026.533	2044.946	11903	0	200
2023.04.13	13:00:00	2045.012	2047.012	2039.724	2046.483	12464	0	200
2023.04.13	14:00:00	2046.513	2048.597	2033.625	2034.176	11144	0	200
2023.04.13	15:00:00	2034.141	2042.359	2033.983	2038.900	6615	0	200
2023.04.13	16:00:00	2038.939	2040.553	2037.251	2040.132	4962	0	200
2023.04.13	17:00:00	2040.163	2044.078	2039.142	2043.755	4850	0	200
2023.04.13	18:00:00	2043.745	2043.974	2037.477	2038.286	3993	0	200
2023.04.13	19:00:00	2038.285	2040.865	2036.599	2040.506	3989	0	200
2023.04.13	20:00:00	2040.476	2041.050	2039.834	2040.487	1411	0	200
2023.04.13	22:00:00	2040.524	2040.730	2039.986	2040.083	997	0	200
2023.04.13	23:00:00	2040.084	2040.155	2038.672	2039.713	1735	0	200
2023.04.14	00:00:00	2039.712	2043.645	2038.594	2041.871	3618	0	200
2023.04.14	01:00:00	2041.841	2045.975	2041.116	2045.897	4345	0	200
2023.04.14	02:00:00	2045.872	2047.392	2044.852	2046.091	3663	0	200
2023.04.14	03:00:00	2046.065	2046.065	2042.828	2045.022	3424	0	200
2023.04.14	04:00:00	2045.021	2046.461	2042.414	2043.216	2673	0	200
2023.04.14	05:00:00	2043.213	2043.674	2039.546	2042.770	4104	0	200
2023.04.14	06:00:00	2042.800	2044.257	2040.632	2041.263	4426	0	200
2023.04.14	07:00:00	2041.283	2041.291	2036.597	2039.196	4979	0	200
2023.04.14	08:00:00	2039.191	2039.308	2031.784	2035.750	4802	0	200
2023.04.14	09:00:00	2035.720	2038.725	2034.484	2038.594	3527	0	200
2023.04.14	10:00:00	2038.627	2042.173	2037.674	2038.234	4460	0	200
2023.04.14	11:00:00	2038.236	2038.238	2032.233	2033.224	5082	0	200
2023.04.14	12:00:00	2033.248	2039.987	2017.211	2024.632	18373	0	200
2023.04.14	13:00:00	2024.600	2028.041	2019.883	2023.469	13398	0	200
2023.04.14	14:00:00	2023.240	2023.240	1997.854	1998.433	17612	0	200
2023.04.14	15:00:00	1998.465	2000.785	1993.554	1995.625	10937	0	200
2023.04.14	16:00:00	1995.623	1999.619	1992.364	1999.520	6472	0	200
2023.04.14	17:00:00	1999.532	2004.101	1998.559	2003.861	6228	0	200
2023.04.14	18:00:00	2003.892	2006.810	2003.333	2006.307	3857	0	200
2023.04.14	19:00:00	2006.338	2007.954	2004.944	2005.279	4350	0	200
2023.04.14	20:00:00	2005.264	2005.615	2003.836	2004.252	2018	0	200
2023.04.16	22:00:00	2001.207	2005.006	1999.651	2001.169	2757	0	200
2023.04.16	23:00:00	2001.189	2004.897	2001.189	2002.848	2359	0	200
2023.04.17	00:00:00	2002.866	2004.642	2001.448	2002.093	3430	0	200
2023.04.17	01:00:00	2002.123	2004.948	1995.151	2003.180	6915	0	200
2023.04.17	02:00:00	2003.149	2006.273	2003.118	2004.041	4337	0	200
2023.04.17	03:00:00	2004.014	2005.122	2003.980	2004.506	2823	0	200
2023.04.17	04:00:00	2004.479	2006.005	2003.709	2004.344	2965	0	200
2023.04.17	05:00:00	2004.341	2012.823	2003.728	2011.330	5147	0	200
2023.04.17	06:00:00	2011.293	2013.473	2010.525	2011.370	5362	0	200
2023.04.17	07:00:00	2011.358	2014.998	2010.084	2010.782	5112	0	200
2023.04.17	08:00:00	2010.740	2012.673	2008.269	2009.863	4737	0	200
2023.04.17	09:00:00	2009.860	2012.033	2009.720	2010.363	3749	0	200
2023.04.17	10:00:00	2010.369	2011.045	2006.954	2007.578	3744	0	200
2023.04.17	11:00:00	2007.545	2010.133	2004.870	2009.074	4068	0	200
2023.04.17	12:00:00	2009.104	2010.572	1998.899	2000.539	8752	0	200
2023.04.17	13:00:00	2000.508	2002.154	1991.881	1995.825	9926	0	200
2023.04.17	14:00:00	1995.857	1996.979	1980.899	1985.222	11713	0	200
2023.04.17	15:00:00	1985.208	1992.025	1985.137	1989.921	6772	0	200
2023.04.17	16:00:00	1989.923	1992.084	1987.244	1991.478	5110	0	200
2023.04.17	17:00:00	1991.490	1995.857	1991.299	1995.230	4406	0	200
2023.04.17	18:00:00	1995.228	1997.078	1994.048	1995.514	3373	0	200
2023.04.17	19:00:00	1995.538	1996.643	1994.545	1996.233	3101	0	200
2023.04.17	20:00:00	1996.266	1996.435	1994.460	1994.914	1556	0	200
2023.04.17	22:00:00	1995.025	1995.025	1993.961	1994.570	954	0	200
2023.04.17	23:00:00	1994.589	1995.291	1993.797	1993.906	1405	0	200
2023.04.18	00:00:00	1993.915	1996.076	1993.306	1995.137	2576	0	200
2023.04.18	01:00:00	1995.129	1999.322	1994.455	1997.606	4169	0	200
2023.04.18	02:00:00	1997.625	2000.834	1996.119	2000.372	3830	0	200
2023.04.18	03:00:00	2000.340	2001.750	1999.386	2000.210	3745	0	200
2023.04.18	04:00:00	2000.247	2000.421	1998.244	1998.375	2128	0	200
2023.04.18	05:00:00	1998.365	2001.747	1996.327	2000.537	3484	0	200
2023.04.18	06:00:00	2000.549	2001.102	1998.044	1999.736	3852	0	200
2023.04.18	07:00:00	1999.767	2004.072	1998.526	2002.280	4767	0	200
2023.04.18	08:00:00	2002.284	2005.114	2001.866	2003.163	4111	0	200
2023.04.18	09:00:00	2003.159	2004.071	1999.046	2001.160	4009	0	200
2023.04.18	10:00:00	2001.138	2004.740	1999.649	2003.442	3439	0	200
2023.04.18	11:00:00	2003.476	2004.921	2002.945	2003.851	3726	0	200
2023.04.18	12:00:00	2003.882	2005.779	2000.736	2001.211	5383	0	200
2023.04.18	13:00:00	2001.241	2001.627	1991.048	1999.059	10317	0	200
2023.04.18	14:00:00	1999.090	2010.481	1998.973	2009.164	11448	0	200
2023.04.18	15:00:00	2009.134	2011.823	2007.086	2008.391	6387	0	200
2023.04.18	16:00:00	2008.421	2008.496	2005.089	2007.111	4762	0	200
2023.04.18	17:00:00	2007.138	2008.210	2003.864	2003.996	4006	0	200
2023.04.18	18:00:00	2004.029	2005.556	2003.349	2005.254	3302	0	200
2023.04.18	19:00:00	2005.284	2006.127	2003.765	2004.032	3260	0	200
2023.04.18	20:00:00	2004.063	2005.415	2004.063	2004.974	1376	0	200
2023.04.18	22:00:00	2005.033	2005.896	2004.534	2005.450	1246	0	200
2023.04.18	23:00:00	2005.454	2006.236	2004.762	2005.718	1717	0	200
2023.04.19	00:00:00	2005.719	2007.415	2004.780	2007.327	2921	0	200
2023.04.19	01:00:00	2007.307	2008.077	2002.633	2003.392	4376	0	200
2023.04.19	02:00:00	2003.422	2006.850	2001.838	2004.152	3783	0	200
2023.04.19	03:00:00	2004.135	2004.732	2002.105	2003.359	2910	0	200
2023.04.19	04:00:00	2003.393	2004.405	2002.549	2003.871	2389	0	200
2023.04.19	05:00:00	2003.890	2004.241	1999.433	2000.401	3419	0	200
2023.04.19	06:00:00	2000.436	2001.251	1986.754	1991.011	8061	0	200
2023.04.19	07:00:00	1991.045	1995.447	1990.289	1991.288	5643	0	200
2023.04.19	08:00:00	1991.320	1991.350	1976.582	1979.969	7369	0	200
2023.04.19	09:00:00	1979.971	1980.491	1972.546	1974.028	6048	0	200
2023.04.19	10:00:00	1974.024	1976.343	1971.178	1972.940	5621	0	200
2023.04.19	11:00:00	1972.970	1973.161	1969.176	1970.545	5453	0	200
2023.04.19	12:00:00	1970.551	1980.440	1969.629	1980.252	8274	0	200
2023.04.19	13:00:00	1980.285	1992.851	1979.298	1990.603	11413	0	200
2023.04.19	14:00:00	1990.637	1995.928	1990.357	1992.757	8602	0	200
2023.04.19	15:00:00	1992.780	1995.767	1988.827	1990.705	5506	0	200
2023.04.19	16:00:00	1990.743	1996.440	1990.300	1995.964	4552	0	200
2023.04.19	17:00:00	1995.977	1996.475	1993.651	1993.909	4303	0	200
2023.04.19	18:00:00	1993.912	1996.656	1993.629	1996.313	4021	0	200
2023.04.19	19:00:00	1996.282	1996.797	1993.738	1994.418	3173	0	200
2023.04.19	20:00:00	1994.384	1995.345	1993.874	1994.641	1805	0	200
2023.04.19	22:00:00	1994.577	1995.661	1994.058	1994.469	1502	0	200
2023.04.19	23:00:00	1994.443	1994.670	1993.112	1993.616	2312	0	200
2023.04.20	00:00:00	1993.651	1996.644	1993.467	1995.607	3801	0	200
2023.04.20	01:00:00	1995.585	1998.445	1992.161	1995.677	4978	0	200
2023.04.20	02:00:00	1995.684	1996.834	1991.431	1991.731	4222	0	200
2023.04.20	03:00:00	1991.740	1993.138	1990.476	1992.724	2919	0	200
2023.04.20	04:00:00	1992.715	1994.282	1992.008	1992.698	2655	0	200
2023.04.20	05:00:00	1992.672	1995.219	1991.383	1994.234	3354	0	200
2023.04.20	06:00:00	1994.271	2000.955	1994.271	1999.110	5643	0	200
2023.04.20	07:00:00	1999.140	1999.892	1995.449	1997.129	4784	0	200
2023.04.20	08:00:00	1997.140	1999.028	1994.478	1996.652	4775	0	200
2023.04.20	09:00:00	1996.630	2000.125	1992.339	1999.517	4772	0	200
2023.04.20	10:00:00	1999.547	2004.723	1999.524	2003.544	4516	0	200
2023.04.20	11:00:00	2003.513	2004.572	2000.959	2001.044	3858	0	200
2023.04.20	12:00:00	2001.077	2011.310	1997.404	2006.750	11138	0	200
2023.04.20	13:00:00	2006.719	2007.284	2002.966	2003.719	8796	0	200
2023.04.20	14:00:00	2003.602	2012.347	2000.986	2003.571	9231	0	200
2023.04.20	15:00:00	2003.576	2004.162	1999.008	2002.549	7227	0	200
2023.04.20	16:00:00	2002.580	2006.955	2002.283	2005.795	5007	0	200
2023.04.20	17:00:00	2005.829	2008.319	2005.470	2006.646	4085	0	200
2023.04.20	18:00:00	2006.683	2006.837	2004.213	2005.785	3401	0	200
2023.04.20	19:00:00	2005.817	2005.913	2002.153	2003.083	4199	0	200
2023.04.20	20:00:00	2003.114	2005.737	2003.061	2004.501	1870	0	200
2023.04.20	22:00:00	2004.236	2004.958	2002.322	2004.672	1827	0	200
2023.04.20	23:00:00	2004.674	2005.496	2001.787	2005.313	2785	0	200
2023.04.21	00:00:00	2005.287	2005.508	2001.771	2004.555	3554	0	200
2023.04.21	01:00:00	2004.568	2005.166	2000.506	2002.014	4565	0	200
2023.04.21	02:00:00	2002.025	2003.971	2001.462	2002.998	3181	0	200
2023.04.21	03:00:00	2002.965	2003.227	2001.107	2002.059	2999	0	200
2023.04.21	04:00:00	2002.091	2002.269	2000.313	2000.530	2403	0	200
2023.04.21	05:00:00	2000.562	2001.011	1993.905	1994.939	3834	0	200
2023.04.21	06:00:00	1994.970	1998.010	1981.862	1986.277	8333	0	200
2023.04.21	07:00:00	1986.308	1987.548	1982.880	1986.720	6129	0	200
2023.04.21	08:00:00	1986.717	1989.531	1984.048	1988.262	5747	0	200
2023.04.21	09:00:00	1988.266	1990.280	1984.786	1986.107	4402	0	200
2023.04.21	10:00:00	1986.097	1992.429	1986.026	1988.043	4758	0	200
2023.04.21	11:00:00	1988.064	1988.407	1984.539	1987.949	4617	0	200
2023.04.21	12:00:00	1987.945	1991.023	1982.062	1988.930	7761	0	200
2023.04.21	13:00:00	1988.970	1997.939	1972.460	1973.769	15049	0	200
2023.04.21	14:00:00	1973.739	1987.435	1971.584	1978.872	16106	0	200
2023.04.21	15:00:00	1978.842	1979.715	1974.372	1975.808	7075	0	200
2023.04.21	16:00:00	1975.845	1978.496	1973.987	1977.435	5233	0	200
2023.04.21	17:00:00	1977.405	1980.669	1977.362	1980.563	3991	0	200
2023.04.21	18:00:00	1980.594	1982.458	1978.876	1979.106	3314	0	200
2023.04.21	19:00:00	1979.076	1982.964	1978.616	1982.637	3158	0	200
2023.04.21	20:00:00	1982.670	1983.577	1981.730	1982.886	2059	0	200
2023.04.23	22:00:00	1982.082	1983.974	1981.789	1983.974	1601	0	200
2023.04.23	23:00:00	1983.989	1985.343	1983.864	1984.620	1954	0	200
2023.04.24	00:00:00	1984.618	1984.618	1981.342	1983.815	3336	0	200
2023.04.24	01:00:00	1983.819	1984.585	1978.917	1979.446	5020	0	200
2023.04.24	02:00:00	1979.415	1983.257	1978.505	1980.260	4667	0	200
2023.04.24	03:00:00	1980.230	1981.433	1980.016	1980.787	3057	0	200
2023.04.24	04:00:00	1980.756	1981.194	1978.051	1979.546	2810	0	200
2023.04.24	05:00:00	1979.580	1979.785	1976.355	1978.555	4123	0	200
2023.04.24	06:00:00	1978.524	1981.583	1977.666	1978.973	5294	0	200
2023.04.24	07:00:00	1978.943	1983.123	1978.121	1982.662	5289	0	200
2023.04.24	08:00:00	1982.664	1985.196	1980.810	1985.048	4071	0	200
2023.04.24	09:00:00	1985.015	1986.882	1982.937	1983.073	4300	0	200
2023.04.24	10:00:00	1983.061	1985.374	1983.004	1983.625	3935	0	200
2023.04.24	11:00:00	1983.623	1985.303	1982.629	1983.039	3560	0	200
2023.04.24	12:00:00	1983.035	1984.513	1980.991	1983.788	6087	0	200
2023.04.24	13:00:00	1983.819	1984.968	1974.028	1977.880	9044	0	200
2023.04.24	14:00:00	1977.858	1987.176	1976.469	1982.430	8350	0	200
2023.04.24	15:00:00	1982.460	1985.422	1981.402	1984.768	5869	0	200
2023.04.24	16:00:00	1984.764	1987.684	1984.609	1986.614	4242	0	200
2023.04.24	17:00:00	1986.583	1990.819	1986.583	1989.508	4461	0	200
2023.04.24	18:00:00	1989.505	1990.304	1987.906	1989.742	3376	0	200
2023.04.24	19:00:00	1989.711	1989.823	1987.474	1988.711	3247	0	200
2023.04.24	20:00:00	1988.680	1989.437	1988.266	1989.085	1494	0	200
2023.04.24	22:00:00	1989.021	1993.470	1988.804	1992.609	2041	0	200
2023.04.24	23:00:00	1992.610	1996.420	1991.643	1995.016	2445	0	200
2023.04.25	00:00:00	1995.015	2000.795	1993.213	1996.848	3745	0	200
2023.04.25	01:00:00	1996.846	2000.589	1995.229	1997.151	6113	0	200
2023.04.25	02:00:00	1997.117	1998.275	1994.164	1994.755	4122	0	200
2023.04.25	03:00:00	1994.723	1996.476	1992.764	1992.766	3789	0	200
2023.04.25	04:00:00	1992.772	1993.804	1990.910	1991.059	2904	0	200
2023.04.25	05:00:00	1991.061	1995.702	1990.814	1995.487	3943	0	200
2023.04.25	06:00:00	1995.481	1996.888	1992.917	1994.264	4856	0	200
2023.04.25	07:00:00	1994.234	1997.200	1987.303	1990.198	6576	0	200
2023.04.25	08:00:00	1990.210	1991.029	1986.917	1988.486	4908	0	200
2023.04.25	09:00:00	1988.501	1990.869	1986.965	1988.092	4809	0	200
2023.04.25	10:00:00	1988.082	1988.432	1981.766	1982.137	5076	0	200
2023.04.25	11:00:00	1982.151	1982.793	1976.688	1977.545	6931	0	200
2023.04.25	12:00:00	1977.576	1994.512	1976.067	1992.961	10075	0	200
2023.04.25	13:00:00	1992.931	1993.661	1984.078	1985.066	10594	0	200
2023.04.25	14:00:00	1985.129	1989.203	1983.291	1985.825	9749	0	200
2023.04.25	15:00:00	1985.820	1990.671	1985.468	1989.930	5835	0	200
2023.04.25	16:00:00	1989.965	1991.717	1988.237	1990.563	5275	0	200
2023.04.25	17:00:00	1990.595	1999.625	1989.889	1998.995	8096	0	200
2023.04.25	18:00:00	1999.025	2003.830	1994.322	1995.732	7222	0	200
2023.04.25	19:00:00	1995.698	1999.357	1994.706	1999.144	4262	0	200
2023.04.25	20:00:00	1999.111	1999.112	1995.811	1996.962	2161	0	200
2023.04.25	22:00:00	1996.169	1998.270	1996.026	1997.620	1571	0	200
2023.04.25	23:00:00	1997.617	2001.656	1997.617	2000.172	3116	0	200
2023.04.26	00:00:00	2000.178	2002.415	1997.332	1997.750	6305	0	200
2023.04.26	01:00:00	1997.717	1999.537	1995.694	1998.983	6331	0	200
2023.04.26	02:00:00	1998.993	2000.615	1996.619	1998.529	4467	0	200
2023.04.26	03:00:00	1998.534	1998.534	1993.117	1994.025	3747	0	200
2023.04.26	04:00:00	1994.058	1996.161	1994.058	1995.503	2348	0	200
2023.04.26	05:00:00	1995.505	1997.995	1995.229	1996.151	3602	0	200
2023.04.26	06:00:00	1996.182	1998.995	1994.373	1998.287	4408	0	200
2023.04.26	07:00:00	1998.265	1999.262	1995.151	1997.888	5483	0	200
2023.04.26	08:00:00	1997.898	1998.233	1995.306	1997.648	4502	0	200
2023.04.26	09:00:00	1997.616	2000.135	1997.025	1998.785	4081	0	200
2023.04.26	10:00:00	1998.777	2000.417	1998.646	1999.281	3494	0	200
2023.04.26	11:00:00	1999.269	2001.707	1991.199	1995.747	7256	0	200
2023.04.26	12:00:00	1995.716	2000.165	1993.884	1997.932	8671	0	200
2023.04.26	13:00:00	1997.896	2009.322	1997.531	2003.089	14256	0	200
2023.04.26	14:00:00	2003.059	2004.048	1997.491	1998.482	10638	0	200
2023.04.26	15:00:00	1998.513	1999.513	1991.415	1991.446	7564	0	200
2023.04.26	16:00:00	1991.469	1992.427	1985.468	1986.583	8181	0	200
2023.04.26	17:00:00	1986.551	1988.628	1983.348	1988.298	5386	0	200
2023.04.26	18:00:00	1988.285	1990.933	1984.497	1990.277	5406	0	200
2023.04.26	19:00:00	1990.310	1991.579	1986.999	1987.979	4907	0	200
2023.04.26	20:00:00	1987.947	1989.677	1987.178	1989.129	2305	0	200
2023.04.26	22:00:00	1989.763	1990.733	1989.117	1990.069	2236	0	200
2023.04.26	23:00:00	1990.071	1991.911	1989.891	1991.647	1757	0	200
2023.04.27	00:00:00	1991.617	1992.199	1989.782	1991.510	3393	0	200
2023.04.27	01:00:00	1991.506	1995.063	1989.513	1992.652	4371	0	200
2023.04.27	02:00:00	1992.635	1998.965	1992.090	1998.680	4665	0	200
2023.04.27	03:00:00	1998.678	2000.683	1998.395	1999.791	3768	0	200
2023.04.27	04:00:00	1999.821	2000.566	1997.773	1999.623	2974	0	200
2023.04.27	05:00:00	1999.591	2002.652	1997.663	1998.989	4387	0	200
2023.04.27	06:00:00	1999.021	2003.142	1997.269	2002.008	5117	0	200
2023.04.27	07:00:00	2001.978	2003.178	1998.327	1999.374	4739	0	200
2023.04.27	08:00:00	1999.406	1999.901	1997.592	1998.145	4150	0	200
2023.04.27	09:00:00	1998.177	1999.871	1996.839	1996.941	3675	0	200
2023.04.27	10:00:00	1996.910	2001.065	1995.900	2000.605	3744	0	200
2023.04.27	11:00:00	2000.604	2001.176	1996.130	1996.844	3860	0	200
2023.04.27	12:00:00	1996.876	2003.246	1981.761	1985.841	16296	0	200
2023.04.27	13:00:00	1985.796	1988.810	1974.016	1981.853	16739	0	200
2023.04.27	14:00:00	1981.892	1986.381	1978.768	1983.354	11171	0	200
2023.04.27	15:00:00	1983.322	1985.870	1981.931	1982.223	6046	0	200
2023.04.27	16:00:00	1982.254	1984.505	1981.149	1984.254	4374	0	200
2023.04.27	17:00:00	1984.286	1991.016	1983.573	1989.104	5023	0	200
2023.04.27	18:00:00	1989.137	1989.687	1987.034	1989.010	3567	0	200
2023.04.27	19:00:00	1989.037	1989.852	1986.857	1988.097	3459	0	200
2023.04.27	20:00:00	1988.127	1988.571	1987.422	1987.675	2206	0	200
2023.04.27	22:00:00	1987.601	1988.014	1986.495	1986.752	1316	0	200
2023.04.27	23:00:00	1986.755	1987.673	1986.298	1986.914	2192	0	200
2023.04.28	00:00:00	1986.879	1987.441	1985.558	1985.874	2895	0	200
2023.04.28	01:00:00	1985.841	1991.396	1984.863	1990.452	6404	0	200
2023.04.28	02:00:00	1990.484	1990.691	1988.441	1990.525	2259	0	200
2023.04.28	03:00:00	1990.523	1991.075	1987.243	1988.894	5019	0	200
2023.04.28	04:00:00	1988.877	1990.372	1986.193	1987.353	5825	0	200
2023.04.28	05:00:00	1987.341	1989.616	1983.414	1984.728	5046	0	200
2023.04.28	06:00:00	1984.696	1987.085	1983.294	1985.809	6472	0	200
2023.04.28	07:00:00	1985.839	1986.182	1981.561	1982.316	5967	0	200
2023.04.28	08:00:00	1982.411	1983.677	1979.664	1983.426	5035	0	200
2023.04.28	09:00:00	1983.437	1983.735	1981.816	1982.973	3940	0	200
2023.04.28	10:00:00	1982.955	1984.457	1982.485	1983.317	3631	0	200
2023.04.28	11:00:00	1983.328	1984.795	1982.001	1983.233	4160	0	200
2023.04.28	12:00:00	1983.266	1987.455	1976.103	1984.187	12725	0	200
2023.04.28	13:00:00	1984.219	1990.050	1982.278	1986.692	10791	0	200
2023.04.28	14:00:00	1986.612	1993.654	1982.042	1992.361	11583	0	200
2023.04.28	15:00:00	1992.351	1994.994	1987.766	1991.693	8716	0	200
2023.04.28	16:00:00	1991.726	1994.030	1989.081	1991.474	4995	0	200
2023.04.28	17:00:00	1991.509	1992.788	1988.894	1990.623	4245	0	200
2023.04.28	18:00:00	1990.660	1991.159	1988.651	1988.880	3557	0	200
2023.04.28	19:00:00	1988.912	1989.653	1987.436	1989.142	4157	0	200
2023.04.28	20:00:00	1989.175	1989.833	1987.911	1989.376	2298	0	200
2023.04.30	22:00:00	1989.602	1991.877	1988.478	1989.150	2403	0	200
2023.04.30	23:00:00	1989.187	1989.219	1986.620	1986.895	2229	0	200
2023.05.01	00:00:00	1986.927	1987.387	1983.695	1983.892	3864	0	200
2023.05.01	01:00:00	1983.921	1984.979	1981.010	1981.921	3344	0	200
2023.05.01	02:00:00	1981.891	1983.722	1981.576	1982.614	3013	0	200
2023.05.01	03:00:00	1982.621	1983.356	1980.451	1983.303	2732	0	200
2023.05.01	04:00:00	1983.336	1986.228	1982.495	1984.135	3567	0	200
2023.05.01	05:00:00	1984.140	1984.140	1979.814	1982.022	3648	0	200
2023.05.01	06:00:00	1981.987	1981.987	1979.457	1979.835	3523	0	200
2023.05.01	07:00:00	1979.838	1981.282	1978.958	1980.894	3916	0	200
2023.05.01	08:00:00	1980.868	1981.254	1977.136	1977.339	3542	0	200
2023.05.01	09:00:00	1977.315	1985.182	1977.054	1984.605	3970	0	200
2023.05.01	10:00:00	1984.615	1988.761	1984.522	1988.520	3564	0	200
2023.05.01	11:00:00	1988.552	1989.936	1986.897	1988.945	4357	0	200
2023.05.01	12:00:00	1988.947	2005.276	1988.240	2003.958	12430	0	200
2023.05.01	13:00:00	2003.929	2005.933	1997.139	1997.210	10745	0	200
2023.05.01	14:00:00	1997.179	1997.179	1982.977	1984.246	17960	0	200
2023.05.01	15:00:00	1984.229	1985.166	1980.475	1982.917	8869	0	200
2023.05.01	16:00:00	1982.884	1984.019	1979.848	1981.603	5282	0	200
2023.05.01	17:00:00	1981.600	1983.926	1979.891	1982.153	4785	0	200
2023.05.01	18:00:00	1982.147	1983.285	1980.557	1980.740	3805	0	200
2023.05.01	19:00:00	1980.774	1981.619	1979.325	1979.719	4153	0	200
2023.05.01	20:00:00	1979.751	1982.597	1979.600	1982.407	2379	0	200
2023.05.01	22:00:00	1982.150	1983.259	1981.187	1982.665	1457	0	200
2023.05.01	23:00:00	1982.674	1982.860	1980.767	1981.373	1774	0	200
2023.05.02	00:00:00	1981.385	1983.628	1981.328	1982.133	3070	0	200
2023.05.02	01:00:00	1982.137	1985.190	1981.932	1983.160	3863	0	200
2023.05.02	02:00:00	1983.161	1983.267	1981.305	1982.733	3146	0	200
2023.05.02	03:00:00	1982.694	1982.855	1981.432	1982.109	2808	0	200
2023.05.02	04:00:00	1982.073	1982.955	1981.365	1982.197	3416	0	200
2023.05.02	05:00:00	1982.194	1984.248	1981.287	1982.752	2930	0	200
2023.05.02	06:00:00	1982.716	1985.667	1982.229	1984.684	4198	0	200
2023.05.02	07:00:00	1984.669	1985.690	1980.390	1981.330	4590	0	200
2023.05.02	08:00:00	1981.342	1982.255	1978.455	1981.310	4524	0	200
2023.05.02	09:00:00	1981.280	1986.339	1980.599	1984.103	4061	0	200
2023.05.02	10:00:00	1984.097	1988.421	1983.283	1988.255	3831	0	200
2023.05.02	11:00:00	1988.236	1990.150	1985.801	1986.348	4352	0	200
2023.05.02	12:00:00	1986.314	1987.842	1985.164	1985.620	5249	0	200
2023.05.02	13:00:00	1985.590	1989.487	1984.415	1987.000	8441	0	200
2023.05.02	14:00:00	1987.034	2012.964	1987.034	2008.360	23078	0	200
2023.05.02	15:00:00	2008.396	2015.465	2006.706	2014.322	11419	0	200
2023.05.02	16:00:00	2014.353	2019.310	2013.518	2015.080	9239	0	200
2023.05.02	17:00:00	2015.085	2016.952	2011.160	2012.232	5546	0	200
2023.05.02	18:00:00	2012.264	2015.622	2011.267	2014.306	4692	0	200
2023.05.02	19:00:00	2014.280	2018.358	2014.278	2018.199	4658	0	200
2023.05.02	20:00:00	2018.232	2018.232	2015.846	2016.373	2271	0	200
2023.05.02	22:00:00	2015.969	2016.453	2015.489	2015.670	1497	0	200
2023.05.02	23:00:00	2015.653	2016.392	2015.573	2015.905	1250	0	200
2023.05.03	00:00:00	2015.916	2016.929	2014.166	2016.298	2599	0	200
2023.05.03	01:00:00	2016.305	2017.807	2015.754	2016.805	2845	0	200
2023.05.03	02:00:00	2016.804	2018.719	2016.522	2017.155	2417	0	200
2023.05.03	03:00:00	2017.150	2018.633	2016.995	2018.427	1807	0	200
2023.05.03	04:00:00	2018.425	2019.433	2015.906	2015.932	2096	0	200
2023.05.03	05:00:00	2015.928	2016.536	2014.526	2014.891	2504	0	200
2023.05.03	06:00:00	2014.922	2018.633	2014.331	2017.972	3596	0	200
2023.05.03	07:00:00	2017.937	2018.685	2012.609	2014.820	4664	0	200
2023.05.03	08:00:00	2014.800	2016.678	2014.274	2015.595	3988	0	200
2023.05.03	09:00:00	2015.592	2017.406	2015.267	2016.977	3477	0	200
2023.05.03	10:00:00	2016.956	2017.399	2015.202	2016.474	3527	0	200
2023.05.03	11:00:00	2016.460	2017.006	2014.318	2015.816	3522	0	200
2023.05.03	12:00:00	2015.849	2016.255	2007.565	2013.628	8674	0	200
2023.05.03	13:00:00	2013.662	2020.088	2012.349	2013.667	8565	0	200
2023.05.03	14:00:00	2013.633	2021.952	2011.770	2021.205	10861	0	200
2023.05.03	15:00:00	2021.210	2026.758	2020.233	2023.523	6942	0	200
2023.05.03	16:00:00	2023.492	2025.245	2022.815	2024.028	4608	0	200
2023.05.03	17:00:00	2023.998	2028.536	2022.361	2023.448	5276	0	200
2023.05.03	18:00:00	2023.416	2035.924	2016.941	2022.872	26612	0	200
2023.05.03	19:00:00	2022.908	2035.995	2019.107	2035.079	14589	0	200
2023.05.03	20:00:00	2035.110	2040.405	2029.043	2039.418	6025	0	200
2023.05.03	22:00:00	2061.996	2079.817	2044.600	2056.631	18389	0	200
2023.05.03	23:00:00	2056.639	2056.786	2050.629	2051.957	5361	0	200
2023.05.04	00:00:00	2051.959	2057.096	2051.864	2054.395	5210	0	200
2023.05.04	01:00:00	2054.364	2054.892	2043.438	2044.513	9457	0	200
2023.05.04	02:00:00	2044.480	2046.447	2038.222	2043.534	5466	0	200
2023.05.04	03:00:00	2043.508	2043.604	2039.725	2040.905	3516	0	200
2023.05.04	04:00:00	2040.872	2045.435	2040.671	2044.251	3286	0	200
2023.05.04	05:00:00	2044.220	2045.430	2041.308	2042.859	3946	0	200
2023.05.04	06:00:00	2042.892	2043.483	2036.489	2039.171	7681	0	200
2023.05.04	07:00:00	2039.148	2039.441	2030.327	2034.570	6862	0	200
2023.05.04	08:00:00	2034.507	2035.534	2031.123	2034.456	5201	0	200
2023.05.04	09:00:00	2034.424	2038.461	2033.704	2037.720	4634	0	200
2023.05.04	10:00:00	2037.750	2040.629	2036.602	2039.897	4614	0	200
2023.05.04	11:00:00	2039.867	2044.829	2039.608	2041.984	5382	0	200
2023.05.04	12:00:00	2041.953	2042.882	2033.697	2036.891	12550	0	200
2023.05.04	13:00:00	2036.862	2045.415	2032.038	2044.323	14215	0	200
2023.05.04	14:00:00	2044.287	2059.537	2042.920	2055.229	24182	0	200
2023.05.04	15:00:00	2055.259	2055.988	2043.372	2050.938	14516	0	200
2023.05.04	16:00:00	2050.971	2054.057	2047.239	2050.780	8501	0	200
2023.05.04	17:00:00	2050.747	2050.970	2044.437	2046.221	8271	0	200
2023.05.04	18:00:00	2046.189	2050.742	2044.962	2049.471	6175	0	200
2023.05.04	19:00:00	2049.503	2050.257	2047.155	2049.555	5881	0	200
2023.05.04	20:00:00	2049.586	2050.885	2049.012	2050.050	3059	0	200
2023.05.04	22:00:00	2049.450	2049.764	2047.480	2049.061	1759	0	200
2023.05.04	23:00:00	2049.024	2050.067	2048.575	2049.922	1643	0	200
2023.05.05	00:00:00	2049.924	2049.933	2048.211	2048.898	2345	0	200
2023.05.05	01:00:00	2048.929	2052.957	2048.296	2051.972	4712	0	200
2023.05.05	02:00:00	2051.958	2052.053	2045.436	2046.878	3717	0	200
2023.05.05	03:00:00	2046.871	2050.845	2046.540	2049.749	3752	0	200
2023.05.05	04:00:00	2049.782	2051.099	2048.437	2048.497	2065	0	200
2023.05.05	05:00:00	2048.501	2049.588	2045.566	2045.922	3733	0	200
2023.05.05	06:00:00	2045.914	2048.321	2044.671	2047.097	5041	0	200
2023.05.05	07:00:00	2047.066	2047.442	2039.307	2040.507	5467	0	200
2023.05.05	08:00:00	2040.509	2041.664	2038.807	2039.834	4205	0	200
2023.05.05	09:00:00	2039.874	2040.197	2037.302	2037.796	3816	0	200
2023.05.05	10:00:00	2037.825	2039.320	2036.157	2039.209	3772	0	200
2023.05.05	11:00:00	2039.176	2039.176	2034.707	2035.442	4358	0	200
2023.05.05	12:00:00	2035.436	2038.275	2007.511	2010.283	18856	0	200
2023.05.05	13:00:00	2010.316	2013.074	2000.996	2003.873	18465	0	200
2023.05.05	14:00:00	2003.907	2010.736	1999.451	2010.668	12002	0	200
2023.05.05	15:00:00	2010.698	2015.154	2007.801	2015.152	8826	0	200
2023.05.05	16:00:00	2015.182	2018.715	2012.998	2017.088	6276	0	200
2023.05.05	17:00:00	2017.101	2018.410	2014.740	2015.474	5262	0	200
2023.05.05	18:00:00	2015.508	2016.668	2013.453	2016.632	4119	0	200
2023.05.05	19:00:00	2016.665	2018.785	2015.198	2017.697	4154	0	200
2023.05.05	20:00:00	2017.730	2018.901	2015.723	2016.650	2167	0	200
2023.05.07	22:00:00	2016.428	2016.495	2014.174	2014.540	2074	0	200
2023.05.07	23:00:00	2014.545	2017.281	2014.545	2016.006	2540	0	200
2023.05.08	00:00:00	2015.976	2018.612	2015.729	2017.990	3006	0	200
2023.05.08	01:00:00	2017.993	2018.460	2015.150	2016.942	4466	0	200
2023.05.08	02:00:00	2016.957	2021.205	2016.281	2020.162	4125	0	200
2023.05.08	03:00:00	2020.128	2023.938	2019.462	2023.189	3136	0	200
2023.05.08	04:00:00	2023.205	2024.557	2022.743	2023.677	2788	0	200
2023.05.08	05:00:00	2023.681	2024.671	2020.084	2020.907	3574	0	200
2023.05.08	06:00:00	2020.939	2022.793	2020.284	2022.019	3757	0	200
2023.05.08	07:00:00	2022.022	2022.606	2020.832	2021.436	3731	0	200
2023.05.08	08:00:00	2021.401	2023.030	2019.937	2022.490	3867	0	200
2023.05.08	09:00:00	2022.482	2024.247	2022.055	2022.611	2914	0	200
2023.05.08	10:00:00	2022.581	2025.028	2022.456	2024.082	3038	0	200
2023.05.08	11:00:00	2024.069	2025.396	2021.449	2022.228	3856	0	200
2023.05.08	12:00:00	2022.251	2026.885	2021.773	2025.998	5980	0	200
2023.05.08	13:00:00	2026.029	2026.758	2017.835	2024.905	8663	0	200
2023.05.08	14:00:00	2024.935	2026.505	2022.877	2024.985	7033	0	200
2023.05.08	15:00:00	2024.955	2029.235	2022.858	2027.098	5842	0	200
2023.05.08	16:00:00	2027.066	2029.320	2026.273	2027.064	4307	0	200
2023.05.08	17:00:00	2027.032	2027.858	2022.805	2023.731	3637	0	200
2023.05.08	18:00:00	2023.728	2023.728	2020.497	2021.456	4670	0	200
2023.05.08	19:00:00	2021.491	2022.382	2020.190	2020.271	3583	0	200
2023.05.08	20:00:00	2020.301	2021.450	2020.136	2021.270	1727	0	200
2023.05.08	22:00:00	2020.960	2022.395	2020.613	2022.129	1588	0	200
2023.05.08	23:00:00	2022.145	2022.145	2020.178	2021.237	1912	0	200
2023.05.09	00:00:00	2021.266	2021.323	2019.483	2020.096	2703	0	200
2023.05.09	01:00:00	2020.065	2024.469	2019.812	2022.742	4146	0	200
2023.05.09	02:00:00	2022.773	2024.227	2021.889	2023.709	2931	0	200
2023.05.09	03:00:00	2023.695	2024.921	2021.958	2024.878	2842	0	200
2023.05.09	04:00:00	2024.894	2026.754	2024.601	2025.637	2672	0	200
2023.05.09	05:00:00	2025.643	2028.697	2025.362	2026.008	3483	0	200
2023.05.09	06:00:00	2026.040	2027.744	2023.732	2024.124	4359	0	200
2023.05.09	07:00:00	2024.156	2025.701	2021.575	2024.626	4788	0	200
2023.05.09	08:00:00	2024.596	2026.071	2021.378	2025.299	4225	0	200
2023.05.09	09:00:00	2025.295	2028.352	2024.828	2028.268	3819	0	200
2023.05.09	10:00:00	2028.233	2031.098	2027.960	2030.839	3758	0	200
2023.05.09	11:00:00	2030.803	2032.768	2030.553	2031.009	4410	0	200
2023.05.09	12:00:00	2031.000	2032.045	2026.603	2026.889	5697	0	200
2023.05.09	13:00:00	2026.929	2030.499	2022.880	2030.277	8246	0	200
2023.05.09	14:00:00	2030.247	2030.308	2025.564	2026.005	6829	0	200
2023.05.09	15:00:00	2025.973	2027.561	2024.391	2026.877	4957	0	200
2023.05.09	16:00:00	2026.912	2032.586	2026.835	2030.955	5601	0	200
2023.05.09	17:00:00	2030.946	2037.561	2030.702	2035.564	5596	0	200
2023.05.09	18:00:00	2035.534	2037.026	2034.947	2035.248	3875	0	200
2023.05.09	19:00:00	2035.279	2035.649	2034.062	2034.239	3410	0	200
2023.05.09	20:00:00	2034.278	2035.097	2034.086	2034.458	1695	0	200
2023.05.09	22:00:00	2034.477	2036.465	2034.083	2035.985	1601	0	200
2023.05.09	23:00:00	2036.019	2037.119	2035.884	2036.270	1589	0	200
2023.05.10	00:00:00	2036.310	2038.182	2034.965	2036.421	2861	0	200
2023.05.10	01:00:00	2036.438	2037.037	2032.661	2032.825	3782	0	200
2023.05.10	02:00:00	2032.821	2033.512	2030.440	2031.276	3091	0	200
2023.05.10	03:00:00	2031.287	2032.457	2030.740	2031.675	2493	0	200
2023.05.10	04:00:00	2031.643	2031.644	2029.705	2030.639	2226	0	200
2023.05.10	05:00:00	2030.640	2031.448	2027.718	2028.965	3000	0	200
2023.05.10	06:00:00	2028.945	2032.937	2027.414	2032.051	3920	0	200
2023.05.10	07:00:00	2032.053	2032.053	2028.136	2031.661	4258	0	200
2023.05.10	08:00:00	2031.657	2031.794	2026.239	2028.456	4152	0	200
2023.05.10	09:00:00	2028.424	2030.020	2028.054	2029.020	3419	0	200
2023.05.10	10:00:00	2029.004	2032.041	2029.004	2031.268	3233	0	200
2023.05.10	11:00:00	2031.252	2031.700	2028.251	2029.246	3574	0	200
2023.05.10	12:00:00	2029.277	2048.145	2024.972	2045.533	16631	0	200
2023.05.10	13:00:00	2045.566	2046.630	2031.890	2038.044	15528	0	200
2023.05.10	14:00:00	2038.013	2038.065	2028.164	2029.048	12634	0	200
2023.05.10	15:00:00	2029.033	2029.857	2021.356	2025.006	8801	0	200
2023.05.10	16:00:00	2024.983	2028.789	2024.489	2027.789	4824	0	200
2023.05.10	17:00:00	2027.819	2033.240	2027.352	2030.849	5430	0	200
2023.05.10	18:00:00	2030.882	2034.126	2030.622	2032.186	4685	0	200
2023.05.10	19:00:00	2032.152	2032.584	2029.109	2030.893	4159	0	200
2023.05.10	20:00:00	2030.926	2031.532	2029.101	2029.623	1620	0	200
2023.05.10	22:00:00	2029.678	2031.369	2029.521	2030.785	1226	0	200
2023.05.10	23:00:00	2030.791	2032.072	2030.729	2031.436	1509	0	200
2023.05.11	00:00:00	2031.411	2035.423	2031.232	2035.265	2896	0	200
2023.05.11	01:00:00	2035.298	2036.348	2032.931	2033.531	4518	0	200
2023.05.11	02:00:00	2033.509	2034.126	2031.132	2032.166	3834	0	200
2023.05.11	03:00:00	2032.136	2033.663	2031.753	2032.367	2518	0	200
2023.05.11	04:00:00	2032.363	2032.478	2029.959	2031.068	2527	0	200
2023.05.11	05:00:00	2031.037	2033.109	2030.018	2032.202	3121	0	200
2023.05.11	06:00:00	2032.191	2032.690	2027.229	2027.392	5078	0	200
2023.05.11	07:00:00	2027.371	2028.336	2021.759	2025.562	5992	0	200
2023.05.11	08:00:00	2025.515	2025.528	2021.841	2022.447	5565	0	200
2023.05.11	09:00:00	2022.479	2028.048	2021.606	2026.824	4952	0	200
2023.05.11	10:00:00	2026.821	2029.424	2026.351	2029.012	3943	0	200
2023.05.11	11:00:00	2029.010	2039.078	2028.745	2036.736	7545	0	200
2023.05.11	12:00:00	2036.768	2040.788	2028.470	2037.414	14144	0	200
2023.05.11	13:00:00	2037.402	2038.022	2011.104	2012.828	19206	0	200
2023.05.11	14:00:00	2012.798	2022.058	2012.382	2021.220	15168	0	200
2023.05.11	15:00:00	2021.188	2021.936	2013.132	2013.551	6987	0	200
2023.05.11	16:00:00	2013.517	2018.266	2012.842	2015.654	5990	0	200
2023.05.11	17:00:00	2015.651	2017.620	2013.509	2013.894	5039	0	200
2023.05.11	18:00:00	2013.873	2015.124	2013.428	2014.422	4020	0	200
2023.05.11	19:00:00	2014.433	2016.509	2013.443	2014.149	3382	0	200
2023.05.11	20:00:00	2014.182	2015.079	2013.727	2014.923	1901	0	200
2023.05.11	22:00:00	2014.888	2016.391	2014.779	2015.963	1500	0	200
2023.05.11	23:00:00	2015.957	2016.596	2015.319	2016.346	1844	0	200
2023.05.12	00:00:00	2016.367	2017.486	2014.929	2015.790	3114	0	200
2023.05.12	01:00:00	2015.759	2016.290	2010.478	2011.983	5103	0	200
2023.05.12	02:00:00	2012.016	2012.775	2008.487	2010.727	4652	0	200
2023.05.12	03:00:00	2010.724	2012.255	2010.008	2011.596	3543	0	200
2023.05.12	04:00:00	2011.565	2012.213	2010.887	2011.854	2310	0	200
2023.05.12	05:00:00	2011.861	2012.027	2008.270	2009.517	3674	0	200
2023.05.12	06:00:00	2009.549	2011.546	2005.618	2009.839	5520	0	200
2023.05.12	07:00:00	2009.870	2012.571	2007.994	2008.735	5357	0	200
2023.05.12	08:00:00	2008.723	2009.690	2005.544	2006.597	4838	0	200
2023.05.12	09:00:00	2006.561	2007.074	2000.895	2002.759	5224	0	200
2023.05.12	10:00:00	2002.790	2007.676	2002.515	2006.061	3947	0	200
2023.05.12	11:00:00	2006.066	2006.084	2002.570	2004.722	4145	0	200
2023.05.12	12:00:00	2004.718	2015.762	2003.539	2014.100	8670	0	200
2023.05.12	13:00:00	2014.068	2022.461	2012.792	2020.003	9859	0	200
2023.05.12	14:00:00	2020.074	2021.469	2010.063	2011.201	12768	0	200
2023.05.12	15:00:00	2011.235	2012.292	2008.885	2009.417	6237	0	200
2023.05.12	16:00:00	2009.383	2013.619	2008.309	2013.619	5178	0	200
2023.05.12	17:00:00	2013.582	2016.355	2013.267	2014.460	4730	0	200
2023.05.12	18:00:00	2014.466	2015.581	2013.836	2014.354	3685	0	200
2023.05.12	19:00:00	2014.360	2014.621	2010.638	2010.871	3605	0	200
2023.05.12	20:00:00	2010.902	2011.454	2010.360	2010.912	1618	0	200
2023.05.14	22:00:00	2008.664	2011.957	2008.664	2010.946	1798	0	200
2023.05.14	23:00:00	2010.930	2010.933	2009.325	2009.558	1585	0	200
2023.05.15	00:00:00	2009.551	2011.990	2008.637	2011.968	2897	0	200
2023.05.15	01:00:00	2012.000	2018.791	2012.000	2017.527	5100	0	200
2023.05.15	02:00:00	2017.557	2017.753	2013.264	2013.442	4077	0	200
2023.05.15	03:00:00	2013.425	2014.930	2013.193	2013.986	2869	0	200
2023.05.15	04:00:00	2013.984	2014.657	2013.419	2014.176	1938	0	200
2023.05.15	05:00:00	2014.207	2019.201	2013.224	2016.848	4211	0	200
2023.05.15	06:00:00	2016.850	2016.982	2013.861	2016.489	4483	0	200
2023.05.15	07:00:00	2016.457	2019.986	2016.321	2018.372	4620	0	200
2023.05.15	08:00:00	2018.339	2020.840	2016.988	2017.390	3881	0	200
2023.05.15	09:00:00	2017.383	2017.717	2014.979	2016.356	3039	0	200
2023.05.15	10:00:00	2016.325	2016.870	2014.287	2014.558	3051	0	200
2023.05.15	11:00:00	2014.588	2015.785	2011.885	2013.035	4104	0	200
2023.05.15	12:00:00	2013.033	2019.188	2011.454	2017.059	7093	0	200
2023.05.15	13:00:00	2017.028	2022.083	2014.318	2020.789	7372	0	200
2023.05.15	14:00:00	2020.753	2021.114	2013.256	2015.162	7388	0	200
2023.05.15	15:00:00	2015.182	2018.394	2014.150	2017.678	4172	0	200
2023.05.15	16:00:00	2017.696	2020.290	2017.106	2020.204	3500	0	200
2023.05.15	17:00:00	2020.181	2021.359	2016.757	2018.105	3629	0	200
2023.05.15	18:00:00	2018.136	2018.289	2014.598	2014.773	3495	0	200
2023.05.15	19:00:00	2014.741	2015.792	2014.352	2014.954	2783	0	200
2023.05.15	20:00:00	2014.950	2016.300	2014.950	2016.216	1297	0	200
2023.05.15	22:00:00	2016.170	2016.597	2015.742	2015.901	998	0	200
2023.05.15	23:00:00	2015.868	2015.868	2013.765	2014.400	1555	0	200
2023.05.16	00:00:00	2014.411	2015.729	2014.126	2015.616	2452	0	200
2023.05.16	01:00:00	2015.641	2018.279	2015.266	2017.652	3375	0	200
2023.05.16	02:00:00	2017.619	2017.619	2014.763	2016.960	3452	0	200
2023.05.16	03:00:00	2016.958	2018.091	2016.415	2016.899	2216	0	200
2023.05.16	04:00:00	2016.897	2016.897	2015.859	2016.175	1844	0	200
2023.05.16	05:00:00	2016.143	2017.682	2012.451	2012.749	3553	0	200
2023.05.16	06:00:00	2012.783	2012.999	2002.404	2007.075	7072	0	200
2023.05.16	07:00:00	2007.105	2010.282	2005.951	2010.024	5193	0	200
2023.05.16	08:00:00	2010.041	2010.270	2008.871	2010.124	3887	0	200
2023.05.16	09:00:00	2010.122	2010.143	2008.774	2009.526	3173	0	200
2023.05.16	10:00:00	2009.515	2010.046	2007.568	2008.166	3040	0	200
2023.05.16	11:00:00	2008.169	2009.286	2005.110	2005.467	3655	0	200
2023.05.16	12:00:00	2005.472	2014.856	2001.199	2011.977	10193	0	200
2023.05.16	13:00:00	2012.011	2012.365	2007.036	2007.542	11360	0	200
2023.05.16	14:00:00	2007.574	2008.369	2001.897	2003.227	8575	0	200
2023.05.16	15:00:00	2003.196	2003.689	1994.431	1995.946	8671	0	200
2023.05.16	16:00:00	1995.953	1997.009	1987.441	1987.550	7246	0	200
2023.05.16	17:00:00	1987.518	1990.023	1985.414	1986.788	5992	0	200
2023.05.16	18:00:00	1986.819	1991.174	1986.819	1990.727	4189	0	200
2023.05.16	19:00:00	1990.758	1991.164	1989.480	1989.873	3781	0	200
2023.05.16	20:00:00	1989.907	1991.142	1988.521	1988.713	2489	0	200
2023.05.16	22:00:00	1988.753	1990.100	1988.054	1989.958	1316	0	200
2023.05.16	23:00:00	1989.932	1989.957	1988.867	1989.630	1379	0	200
2023.05.17	00:00:00	1989.633	1992.963	1989.633	1992.050	2820	0	200
2023.05.17	01:00:00	1992.048	1992.963	1989.865	1992.659	4783	0	200
2023.05.17	02:00:00	1992.624	1992.977	1990.698	1992.733	3319	0	200
2023.05.17	03:00:00	1992.714	1992.793	1991.144	1991.300	2462	0	200
2023.05.17	04:00:00	1991.302	1992.049	1990.764	1991.457	2005	0	200
2023.05.17	05:00:00	1991.456	1991.719	1987.734	1987.886	3423	0	200
2023.05.17	06:00:00	1987.869	1989.454	1986.539	1988.775	4272	0	200
2023.05.17	07:00:00	1988.763	1990.545	1987.554	1987.619	4647	0	200
2023.05.17	08:00:00	1987.588	1989.063	1985.889	1986.110	4427	0	200
2023.05.17	09:00:00	1986.079	1986.091	1983.870	1983.912	4112	0	200
2023.05.17	10:00:00	1983.881	1988.831	1983.675	1988.097	3621	0	200
2023.05.17	11:00:00	1988.128	1988.621	1986.450	1987.380	3556	0	200
2023.05.17	12:00:00	1987.390	1987.844	1981.805	1984.862	7066	0	200
2023.05.17	13:00:00	1984.827	1987.957	1976.242	1977.645	10766	0	200
2023.05.17	14:00:00	1977.650	1985.287	1974.734	1982.933	9559	0	200
2023.05.17	15:00:00	1982.952	1983.329	1979.548	1980.390	5869	0	200
2023.05.17	16:00:00	1980.358	1984.289	1980.094	1983.826	4347	0	200
2023.05.17	17:00:00	1983.799	1984.443	1980.373	1981.501	4461	0	200
2023.05.17	18:00:00	1981.519	1984.511	1981.088	1983.909	4048	0	200
2023.05.17	19:00:00	1983.879	1984.456	1982.093	1982.985	3432	0	200
2023.05.17	20:00:00	1982.955	1983.150	1981.601	1981.959	1478	0	200
2023.05.17	22:00:00	1980.909	1983.552	1980.909	1982.901	1258	0	200
2023.05.17	23:00:00	1982.897	1983.453	1982.438	1982.714	1021	0	200
2023.05.18	00:00:00	1982.717	1983.694	1981.936	1983.502	2285	0	200
2023.05.18	01:00:00	1983.499	1985.169	1982.483	1985.082	4155	0	200
2023.05.18	02:00:00	1985.114	1985.973	1983.527	1984.140	3026	0	200
2023.05.18	03:00:00	1984.110	1984.383	1981.332	1982.274	2704	0	200
2023.05.18	04:00:00	1982.268	1982.718	1979.485	1979.765	2348	0	200
2023.05.18	05:00:00	1979.798	1979.832	1977.452	1978.196	3915	0	200
2023.05.18	06:00:00	1978.198	1981.454	1977.187	1977.311	4422	0	200
2023.05.18	07:00:00	1977.280	1979.365	1973.356	1974.507	4827	0	200
2023.05.18	08:00:00	1974.539	1976.138	1972.146	1975.266	5231	0	200
2023.05.18	09:00:00	1975.336	1978.013	1975.157	1977.325	3859	0	200
2023.05.18	10:00:00	1977.346	1978.856	1976.562	1977.009	3332	0	200
2023.05.18	11:00:00	1976.993	1976.993	1973.732	1974.085	3850	0	200
2023.05.18	12:00:00	1974.088	1975.321	1965.950	1966.988	9646	0	200
2023.05.18	13:00:00	1967.019	1968.160	1956.563	1959.808	13194	0	200
2023.05.18	14:00:00	1959.788	1962.011	1954.327	1955.307	8773	0	200
2023.05.18	15:00:00	1955.339	1956.762	1951.937	1955.988	6244	0	200
2023.05.18	16:00:00	1956.004	1957.774	1954.104	1955.581	5081	0	200
2023.05.18	17:00:00	1955.611	1958.502	1953.938	1958.465	4609	0	200
2023.05.18	18:00:00	1958.492	1958.893	1955.441	1956.263	3508	0	200
2023.05.18	19:00:00	1956.233	1957.660	1955.139	1957.268	3422	0	200
2023.05.18	20:00:00	1957.277	1957.617	1956.875	1957.583	1433	0	200
2023.05.18	22:00:00	1958.059	1958.872	1957.856	1958.554	1251	0	200
2023.05.18	23:00:00	1958.505	1959.151	1957.940	1958.356	1358	0	200
2023.05.19	00:00:00	1958.364	1959.692	1957.138	1957.642	2775	0	200
2023.05.19	01:00:00	1957.623	1960.308	1954.003	1957.124	4891	0	200
2023.05.19	02:00:00	1957.084	1963.177	1955.906	1962.785	3913	0	200
2023.05.19	03:00:00	1962.754	1963.610	1961.991	1963.297	3602	0	200
2023.05.19	04:00:00	1963.273	1964.152	1961.958	1962.551	2472	0	200
2023.05.19	05:00:00	1962.560	1963.882	1960.617	1962.666	3538	0	200
2023.05.19	06:00:00	1962.684	1968.712	1961.603	1964.407	5374	0	200
2023.05.19	07:00:00	1964.375	1967.854	1964.294	1966.866	4743	0	200
2023.05.19	08:00:00	1966.861	1967.342	1964.396	1964.647	3940	0	200
2023.05.19	09:00:00	1964.677	1968.199	1964.354	1967.635	3890	0	200
2023.05.19	10:00:00	1967.666	1967.841	1963.490	1965.618	4041	0	200
2023.05.19	11:00:00	1965.583	1965.861	1962.285	1963.696	4354	0	200
2023.05.19	12:00:00	1963.664	1964.774	1960.251	1960.835	5932	0	200
2023.05.19	13:00:00	1960.803	1963.804	1957.751	1960.925	8488	0	200
2023.05.19	14:00:00	1960.955	1961.884	1957.136	1958.517	6434	0	200
2023.05.19	15:00:00	1958.485	1984.186	1958.081	1974.746	22215	0	200
2023.05.19	16:00:00	1974.776	1979.228	1973.093	1978.300	7862	0	200
2023.05.19	17:00:00	1978.331	1983.185	1977.194	1982.935	4607	0	200
2023.05.19	18:00:00	1982.966	1983.228	1976.783	1976.921	3919	0	200
2023.05.19	19:00:00	1976.902	1977.336	1974.236	1976.111	4110	0	200
2023.05.19	20:00:00	1976.142	1977.776	1975.439	1977.703	1979	0	200
2023.05.21	22:00:00	1978.005	1981.293	1978.005	1980.151	1951	0	200
2023.05.21	23:00:00	1980.164	1981.480	1979.307	1980.829	1772	0	200
2023.05.22	00:00:00	1980.827	1981.323	1978.373	1980.949	3127	0	200
2023.05.22	01:00:00	1980.964	1982.321	1978.397	1980.251	5494	0	200
2023.05.22	02:00:00	1980.247	1980.251	1976.283	1978.104	4024	0	200
2023.05.22	03:00:00	1978.106	1979.091	1976.668	1977.843	2780	0	200
2023.05.22	04:00:00	1977.873	1978.744	1975.886	1976.281	1937	0	200
2023.05.22	05:00:00	1976.285	1976.321	1972.310	1973.072	3862	0	200
2023.05.22	06:00:00	1973.047	1976.815	1971.210	1976.282	5138	0	200
2023.05.22	07:00:00	1976.250	1978.558	1974.344	1976.800	4707	0	200
2023.05.22	08:00:00	1976.783	1980.731	1975.151	1980.684	3939	0	200
2023.05.22	09:00:00	1980.681	1982.530	1979.216	1979.633	3819	0	200
2023.05.22	10:00:00	1979.648	1981.382	1977.612	1978.108	3441	0	200
2023.05.22	11:00:00	1978.118	1978.821	1969.775	1972.935	4912	0	200
2023.05.22	12:00:00	1972.908	1978.535	1972.601	1975.521	6672	0	200
2023.05.22	13:00:00	1975.540	1975.998	1971.285	1971.558	7625	0	200
2023.05.22	14:00:00	1971.525	1978.541	1968.840	1973.277	11487	0	200
2023.05.22	15:00:00	1973.307	1974.541	1970.828	1972.417	4958	0	200
2023.05.22	16:00:00	1972.450	1975.441	1972.388	1974.543	4036	0	200
2023.05.22	17:00:00	1974.520	1978.870	1974.006	1974.940	4919	0	200
2023.05.22	18:00:00	1974.963	1975.779	1972.418	1972.967	3600	0	200
2023.05.22	19:00:00	1973.000	1973.791	1971.615	1972.095	3191	0	200
2023.05.22	20:00:00	1972.065	1972.528	1971.565	1971.583	1547	0	200
2023.05.22	22:00:00	1971.865	1972.596	1970.999	1971.301	1207	0	200
2023.05.22	23:00:00	1971.285	1971.693	1969.586	1969.784	1953	0	200
2023.05.23	00:00:00	1969.814	1971.736	1966.543	1967.285	3098	0	200
2023.05.23	01:00:00	1967.243	1968.522	1960.253	1960.345	6226	0	200
2023.05.23	02:00:00	1960.311	1964.231	1960.243	1963.730	4036	0	200
2023.05.23	03:00:00	1963.709	1964.081	1960.389	1962.740	3365	0	200
2023.05.23	04:00:00	1962.709	1964.342	1962.455	1963.313	2811	0	200
2023.05.23	05:00:00	1963.298	1963.651	1959.546	1961.035	3782	0	200
2023.05.23	06:00:00	1961.039	1964.548	1959.493	1962.366	4850	0	200
2023.05.23	07:00:00	1962.331	1962.345	1955.443	1957.140	5733	0	200
2023.05.23	08:00:00	1957.173	1960.671	1954.232	1959.806	5297	0	200
2023.05.23	09:00:00	1959.811	1961.257	1956.873	1957.008	3949	0	200
2023.05.23	10:00:00	1956.978	1958.923	1954.433	1958.268	4312	0	200
2023.05.23	11:00:00	1958.271	1960.065	1957.195	1958.835	4135	0	200
2023.05.23	12:00:00	1958.838	1962.639	1957.699	1958.762	6669	0	200
2023.05.23	13:00:00	1958.793	1973.274	1958.793	1969.755	13511	0	200
2023.05.23	14:00:00	1969.723	1973.530	1966.501	1968.735	11672	0	200
2023.05.23	15:00:00	1968.766	1968.899	1964.293	1967.315	5983	0	200
2023.05.23	16:00:00	1967.313	1974.628	1966.239	1973.054	5771	0	200
2023.05.23	17:00:00	1973.096	1975.081	1971.482	1974.949	4976	0	200
2023.05.23	18:00:00	1974.918	1977.739	1973.947	1976.188	5129	0	200
2023.05.23	19:00:00	1976.158	1976.453	1974.360	1974.754	4202	0	200
2023.05.23	20:00:00	1974.787	1975.291	1974.218	1975.051	1800	0	200
2023.05.23	22:00:00	1974.591	1977.091	1974.587	1976.877	1360	0	200
2023.05.23	23:00:00	1976.898	1977.289	1974.699	1974.980	1521	0	200
2023.05.24	00:00:00	1975.021	1976.965	1974.583	1975.054	2677	0	200
2023.05.24	01:00:00	1975.044	1976.025	1973.026	1973.821	4787	0	200
2023.05.24	02:00:00	1973.782	1974.957	1972.829	1973.259	3692	0	200
2023.05.24	03:00:00	1973.227	1976.454	1972.735	1976.454	2814	0	200
2023.05.24	04:00:00	1976.453	1978.656	1976.189	1977.570	2548	0	200
2023.05.24	05:00:00	1977.605	1980.562	1976.929	1979.416	3527	0	200
2023.05.24	06:00:00	1979.426	1979.818	1971.100	1971.802	5893	0	200
2023.05.24	07:00:00	1971.759	1976.353	1970.665	1974.014	5401	0	200
2023.05.24	08:00:00	1974.044	1977.662	1973.520	1976.291	4333	0	200
2023.05.24	09:00:00	1976.286	1977.105	1973.926	1976.041	4066	0	200
2023.05.24	10:00:00	1976.073	1977.229	1974.112	1976.642	4098	0	200
2023.05.24	11:00:00	1976.674	1981.984	1976.191	1981.856	4455	0	200
2023.05.24	12:00:00	1981.854	1985.101	1978.467	1979.863	6950	0	200
2023.05.24	13:00:00	1979.842	1980.798	1971.419	1972.575	9393	0	200
2023.05.24	14:00:00	1972.541	1972.842	1966.560	1969.428	9191	0	200
2023.05.24	15:00:00	1969.411	1970.541	1960.252	1962.988	7208	0	200
2023.05.24	16:00:00	1963.027	1963.254	1956.683	1959.018	8109	0	200
2023.05.24	17:00:00	1959.016	1964.317	1958.346	1962.609	5154	0	200
2023.05.24	18:00:00	1962.580	1965.236	1959.486	1959.781	5415	0	200
2023.05.24	19:00:00	1959.811	1961.131	1958.032	1958.972	4357	0	200
2023.05.24	20:00:00	1958.959	1960.047	1957.090	1957.211	2383	0	200
2023.05.24	22:00:00	1957.931	1961.839	1957.363	1961.029	3014	0	200
2023.05.24	23:00:00	1961.020	1961.020	1957.992	1959.752	2042	0	200
2023.05.25	00:00:00	1959.748	1960.101	1957.622	1959.375	3327	0	200
2023.05.25	01:00:00	1959.373	1960.091	1954.910	1956.462	5867	0	200
2023.05.25	02:00:00	1956.428	1958.767	1955.675	1957.527	4096	0	200
2023.05.25	03:00:00	1957.532	1958.841	1956.913	1957.207	3158	0	200
2023.05.25	04:00:00	1957.213	1958.063	1956.310	1957.873	2166	0	200
2023.05.25	05:00:00	1957.875	1958.501	1954.889	1955.924	3611	0	200
2023.05.25	06:00:00	1955.891	1960.487	1954.885	1958.987	4892	0	200
2023.05.25	07:00:00	1958.957	1961.330	1957.484	1959.413	4865	0	200
2023.05.25	08:00:00	1959.421	1964.711	1959.210	1962.034	4412	0	200
2023.05.25	09:00:00	1962.033	1963.963	1960.437	1961.001	3696	0	200
2023.05.25	10:00:00	1961.031	1962.802	1960.855	1961.871	3433	0	200
2023.05.25	11:00:00	1961.884	1962.474	1959.996	1961.926	4160	0	200
2023.05.25	12:00:00	1961.958	1963.062	1939.229	1943.601	16791	0	200
2023.05.25	13:00:00	1943.567	1953.999	1943.346	1946.590	14242	0	200
2023.05.25	14:00:00	1946.575	1951.656	1944.117	1945.244	10649	0	200
2023.05.25	15:00:00	1945.210	1946.940	1943.307	1945.393	6475	0	200
2023.05.25	16:00:00	1945.426	1946.908	1942.913	1943.542	5047	0	200
2023.05.25	17:00:00	1943.558	1944.989	1942.646	1944.444	4424	0	200
2023.05.25	18:00:00	1944.467	1944.467	1941.783	1942.104	4148	0	200
2023.05.25	19:00:00	1942.069	1942.287	1938.813	1940.148	3977	0	200
2023.05.25	20:00:00	1940.153	1940.878	1939.767	1940.523	1758	0	200
2023.05.25	22:00:00	1940.636	1943.157	1940.547	1942.245	2559	0	200
2023.05.25	23:00:00	1942.247	1942.247	1939.377	1940.515	1717	0	200
2023.05.26	00:00:00	1940.492	1941.639	1936.576	1940.879	3617	0	200
2023.05.26	01:00:00	1940.909	1946.869	1940.329	1946.743	5211	0	200
2023.05.26	02:00:00	1946.732	1948.779	1945.894	1946.006	4049	0	200
2023.05.26	03:00:00	1945.975	1948.765	1944.882	1948.423	3089	0	200
2023.05.26	04:00:00	1948.408	1948.880	1947.093	1947.871	2560	0	200
2023.05.26	05:00:00	1947.892	1951.742	1947.430	1948.651	4153	0	200
2023.05.26	06:00:00	1948.643	1952.402	1946.965	1951.727	5519	0	200
2023.05.26	07:00:00	1951.697	1957.219	1950.344	1956.202	4996	0	200
2023.05.26	08:00:00	1956.172	1956.715	1951.345	1952.573	4372	0	200
2023.05.26	09:00:00	1952.601	1954.152	1951.702	1953.584	3316	0	200
2023.05.26	10:00:00	1953.566	1953.895	1951.902	1953.357	3112	0	200
2023.05.26	11:00:00	1953.390	1953.786	1950.991	1951.445	3688	0	200
2023.05.26	12:00:00	1951.435	1953.848	1944.271	1947.335	10306	0	200
2023.05.26	13:00:00	1947.366	1950.394	1946.098	1946.910	8593	0	200
2023.05.26	14:00:00	1946.900	1951.792	1938.819	1942.030	10933	0	200
2023.05.26	15:00:00	1942.040	1943.680	1938.741	1943.457	7286	0	200
2023.05.26	16:00:00	1943.427	1946.520	1942.790	1944.101	5114	0	200
2023.05.26	17:00:00	1944.069	1945.314	1943.014	1944.824	4121	0	200
2023.05.26	18:00:00	1944.844	1946.936	1944.484	1946.122	3231	0	200
2023.05.26	19:00:00	1946.137	1947.566	1944.776	1947.403	3053	0	200
2023.05.26	20:00:00	1947.434	1947.501	1946.197	1946.834	1576	0	200
2023.05.28	22:00:00	1943.265	1946.248	1943.227	1944.024	2598	0	200
2023.05.28	23:00:00	1944.021	1944.754	1943.287	1943.654	1857	0	200
2023.05.29	00:00:00	1943.687	1943.977	1941.024	1941.566	2752	0	200
2023.05.29	01:00:00	1941.561	1946.165	1940.270	1943.193	4395	0	200
2023.05.29	02:00:00	1943.197	1945.071	1942.624	1945.012	3158	0	200
2023.05.29	03:00:00	1945.034	1945.841	1944.578	1945.542	2305	0	200
2023.05.29	04:00:00	1945.547	1946.088	1945.249	1945.738	1597	0	200
2023.05.29	05:00:00	1945.754	1947.039	1945.057	1946.916	2706	0	200
2023.05.29	06:00:00	1946.912	1948.874	1946.311	1946.591	3684	0	200
2023.05.29	07:00:00	1946.562	1947.145	1943.741	1944.176	3211	0	200
2023.05.29	08:00:00	1944.193	1945.437	1940.781	1945.280	3265	0	200
2023.05.29	09:00:00	1945.276	1946.214	1944.339	1945.862	2810	0	200
2023.05.29	10:00:00	1945.832	1945.900	1944.228	1945.521	2372	0	200
2023.05.29	11:00:00	1945.528	1946.576	1945.049	1946.272	2412	0	200
2023.05.29	12:00:00	1946.303	1949.718	1944.778	1948.849	3731	0	200
2023.05.29	13:00:00	1948.881	1949.586	1945.081	1946.614	4411	0	200
2023.05.29	14:00:00	1946.646	1948.254	1946.170	1946.993	2883	0	200
2023.05.29	15:00:00	1946.963	1947.608	1945.820	1945.922	2460	0	200
2023.05.29	16:00:00	1945.882	1945.882	1943.162	1943.492	1957	0	200
2023.05.29	17:00:00	1943.495	1943.723	1942.772	1943.627	314	0	200
2023.05.29	22:00:00	1943.445	1944.318	1942.661	1943.024	2196	0	200
2023.05.29	23:00:00	1943.023	1943.023	1941.347	1941.683	2176	0	200
2023.05.30	00:00:00	1941.498	1943.100	1940.991	1942.656	3428	0	200
2023.05.30	01:00:00	1942.684	1945.111	1942.651	1944.970	4536	0	200
2023.05.30	02:00:00	1944.965	1946.602	1944.623	1945.300	3510	0	200
2023.05.30	03:00:00	1945.295	1945.584	1939.225	1939.396	3986	0	200
2023.05.30	04:00:00	1939.424	1940.682	1937.682	1938.899	3177	0	200
2023.05.30	05:00:00	1938.892	1938.932	1932.042	1933.385	5374	0	200
2023.05.30	06:00:00	1933.354	1937.585	1932.170	1936.891	5842	0	200
2023.05.30	07:00:00	1936.897	1942.311	1934.835	1942.311	5783	0	200
2023.05.30	08:00:00	1942.299	1946.851	1941.677	1944.997	4913	0	200
2023.05.30	09:00:00	1944.966	1952.975	1942.390	1952.858	5770	0	200
2023.05.30	10:00:00	1952.826	1956.294	1952.138	1955.388	5315	0	200
2023.05.30	11:00:00	1955.408	1960.750	1954.236	1960.194	5394	0	200
2023.05.30	12:00:00	1960.170	1962.253	1956.159	1956.455	7022	0	200
2023.05.30	13:00:00	1956.423	1958.192	1952.424	1952.726	8723	0	200
2023.05.30	14:00:00	1952.692	1959.829	1950.577	1958.363	9122	0	200
2023.05.30	15:00:00	1958.379	1962.071	1957.709	1962.071	5188	0	200
2023.05.30	16:00:00	1962.101	1963.479	1959.713	1959.746	3957	0	200
2023.05.30	17:00:00	1959.756	1959.891	1957.754	1958.576	3695	0	200
2023.05.30	18:00:00	1958.574	1959.729	1957.703	1958.428	3044	0	200
2023.05.30	19:00:00	1958.423	1960.745	1957.785	1960.130	2806	0	200
2023.05.30	20:00:00	1960.098	1960.098	1958.805	1959.359	1415	0	200
2023.05.30	22:00:00	1958.994	1959.404	1957.990	1958.581	1448	0	200
2023.05.30	23:00:00	1958.599	1959.462	1958.397	1958.535	1321	0	200
2023.05.31	00:00:00	1958.544	1960.035	1957.391	1959.569	2803	0	200
2023.05.31	01:00:00	1959.567	1960.452	1954.776	1954.850	5143	0	200
2023.05.31	02:00:00	1954.805	1957.182	1953.625	1956.138	3871	0	200
2023.05.31	03:00:00	1956.152	1958.807	1955.873	1958.052	3072	0	200
2023.05.31	04:00:00	1958.051	1960.090	1957.792	1960.069	2158	0	200
